,Name,Ea (eV),Ea_err (+/-),ext_D (cm^2/s),D_err_from,D_err_to,ext_c (mS/cm),c_err_from,c_err_to
0,Li23_I_2231,0.20656847310015156,0.01043983154168172,2.2945837475748552e-07,1.5001704846240312e-07,3.5096774857253615e-07,30.310017906897183,19.81631496362268,46.3606471335818
