,Name,Ea (eV),Ea_err (+/-),ext_D (cm^2/s),D_err_from,D_err_to,ext_c (mS/cm),c_err_from,c_err_to
0,Li23_Br_2231,0.18211827471315128,0.005502598605362295,4.7160207059260575e-07,3.757230085863762e-07,5.919480785167377e-07,65.30422162598721,52.027546426748266,81.96891176062707
