,Name,Ea (eV),Ea_err (+/-),ext_D (cm^2/s),D_err_from,D_err_to,ext_c (mS/cm),c_err_from,c_err_to
0,Li7PS6_contcar,0.1631025316855196,0.003266885571820922,1.1521780252309801e-06,1.0102889624668152e-06,1.3139945611043588e-06,168.6356210570329,147.86838743821912,192.31948885067038
