index,name,std,avg-size,vol,S_ori,S
1,Li24_Cl1Br3_1,0.129338474,2.63325891,1072.338778,16.10519,3.273620713
2,Li24_Cl2Br2_1,0.140170577,2.561983445,1059.777315,11.197317,2.276022131
3,Li24_Cl3Br1_1,0.096510753,2.586152334,1074.027156,19.368202,3.936876698
