,Name,Ea (eV),Ea_err (+/-),ext_D (cm^2/s),D_err_from,D_err_to,ext_c (mS/cm),c_err_from,c_err_to
0,Li20P4S16I8,0.18758998021992004,0.003928059209731054,5.888827643307467e-07,5.017852513823683e-07,6.910982520320584e-07,64.50839756211919,54.96741363073999,75.70546040218345
