,Name,Ea (eV),Ea_err (+/-),ext_D (cm^2/s),D_err_from,D_err_to,ext_c (mS/cm),c_err_from,c_err_to
0,SiSCl_c00004,0.185453224047458,0.012247831675378516,4.3249337345262453e-07,2.5910187500841057e-07,7.219188131091663e-07,70.95719987549387,42.50965370016457,118.44190144864186
